{
  "images": [
    {
      "name": "img_0.jpg",
      "w": 540,
      "h": 960,
      "prefix": [
        "-i"
      ],
      "postfix": [
      ]
    },
    {
      "name": "img_1.jpg",
      "w": 540,
      "h": 960,
      "prefix": [
        "-i"
      ],
      "postfix": [
      ]
    },
    {
      "name": "img_2.jpg",
      "w": 540,
      "h": 960,
      "prefix": [
        "-i"
      ],
      "postfix": [
      ]
    }
  ],
  "static_inputs": [
    {
      "name": "background_video.mp4",
      "prefix": [
        "-i"
      ],
      "postfix": [
      ]
    }
  ],
  "video": {
    "w": 540,
    "h": 960,
    "duration": 34
  },
  "e": [],
  "m": [
    "-{pythoncomplex}"
  ],
  "r": [
    "[3]split=2[color][alpha];[color]crop=iw/2:ih:0:0[color];[alpha]crop=iw/2:ih:iw/2:0[alpha];[color][alpha]{pythonmerge}[ovrly];[0]scale=540:960,setsar=1[0_scalled];[1]scale=540:960,setsar=1[1_scalled];[2]scale=540:960,setsar=1[2_scalled];[0_scalled]{pythonz}pan=z='if(lte({pythonz},-1.0),1.2,min({pythonz}+0.0006,1.2))':d=25*11.33:s=540x960[v0];[1_scalled]{pythonz}pan=z='if(lte(on,25*10.34),1,if(lte({pythonz},-1.0),1.2,min({pythonz}+0.0006,1.2)))':d=25*22.66:s=540x960[v1];[2_scalled]{pythonz}pan=z='if(lte(on,25*20.68),1,if(lte({pythonz},-1.0),1.2,min({pythonz}+0.0006,1.2)))':d=25*34:s=540x960[v2];[v0]split[v0_part_1][v0_part_2];[v1]split[v1_part_1][v1_part_2];[v0_part_1]crop=iw/2:ih:0:0[v0_part_1];[v0_part_2]crop=iw/2:ih:iw/2:0[v0_part_2];[v1_part_1]crop=iw/2:ih:0:0[v1_part_1];[v1_part_2]crop=iw/2:ih:iw/2:0[v1_part_2];[v2][v1_part_1]{pythono}=x='if(gte(n,20.66*25),0-(W/2)*(t-20.66)/1,0)'[ov_video_0];[ov_video_0][v1_part_2]{pythono}=x='if(gte(n,20.66*25),W/2+(W/2)*(t-20.66)/1,270)'[ov_video_1];[ov_video_1][v0_part_1]{pythono}=x='if(gte(n,10.33*25),0-(W/2)*(t-10.33)/1,0)'[ov_video_2];[ov_video_2][v0_part_2]{pythono}=x='if(gte(n,10.33*25),W/2+(W/2)*(t-10.33)/1,270)'[ov_video_3];[ov_video_3][ovrly]{pythono}=0:0[base_video];[base_video][4]{pythono}=enable='between(t,0,17)':x=30:y=30[watermarked_part1];[watermarked_part1][4]{pythono}=enable='between(t,17,34)':x=(main_w-{pythono}_w-30):y=(main_h-{pythono}_h-30)"
  ],
  "i": [
    "[3]split=2[color][alpha];[color]crop=iw/2:ih:0:0[color];[alpha]crop=iw/2:ih:iw/2:0[alpha];[color][alpha]{pythonmerge}[ovrly];[0]scale=540:960,setsar=1[0_scalled];[1]scale=540:960,setsar=1[1_scalled];[2]scale=540:960,setsar=1[2_scalled];[0_scalled]{pythonz}pan=z='if(lte({pythonz},-1.0),1.2,min({pythonz}+0.0006,1.2))':d=25*11.33:s=540x960[v0];[1_scalled]{pythonz}pan=z='if(lte(on,25*10.34),1,if(lte({pythonz},-1.0),1.2,min({pythonz}+0.0006,1.2)))':d=25*22.66:s=540x960[v1];[2_scalled]{pythonz}pan=z='if(lte(on,25*20.68),1,if(lte({pythonz},-1.0),1.2,min({pythonz}+0.0006,1.2)))':d=25*34:s=540x960[v2];[v0]split[v0_part_1][v0_part_2];[v1]split[v1_part_1][v1_part_2];[v0_part_1]crop=iw/2:ih:0:0[v0_part_1];[v0_part_2]crop=iw/2:ih:iw/2:0[v0_part_2];[v1_part_1]crop=iw/2:ih:0:0[v1_part_1];[v1_part_2]crop=iw/2:ih:iw/2:0[v1_part_2];[v2][v1_part_1]{pythono}=x='if(gte(n,20.66*25),0-(W/2)*(t-20.66)/1,0)'[ov_video_0];[ov_video_0][v1_part_2]{pythono}=x='if(gte(n,20.66*25),W/2+(W/2)*(t-20.66)/1,270)'[ov_video_1];[ov_video_1][v0_part_1]{pythono}=x='if(gte(n,10.33*25),0-(W/2)*(t-10.33)/1,0)'[ov_video_2];[ov_video_2][v0_part_2]{pythono}=x='if(gte(n,10.33*25),W/2+(W/2)*(t-10.33)/1,270)'[ov_video_3];[ov_video_3][ovrly]{pythono}=0:0[base_video];[base_video][4]{pythono}=enable='between(t,0,17)':x=30:y=30[watermarked_part1];[watermarked_part1][4]{pythono}=enable='between(t,17,34)':x=(main_w-{pythono}_w-30):y=(main_h-{pythono}_h-30)[final_video]"
  ],
  "n": [],
  "g": [],
  "c": [],
  "o": [
    "-map",
    "[final_video]",
    "-map",
    "5:a"
  ],
  "d": [
    "-t",
    "34",
    "-strict",
    "-2"
  ],
  "s": [],
  "layers": [
    {
      "ao": 0,
      "bm": 1,
      "ddd": 0,
      "ind": 1,
      "ip": 0,
      "ks": {
        "a": {
          "a": 0,
          "ix": 1,
          "k": [
            270,
            480,
            0
          ]
        },
        "o": {
          "a": 0,
          "ix": 11,
          "k": 18.039
        },
        "p": {
          "a": 0,
          "ix": 2,
          "k": [
            270,
            480,
            0
          ]
        },
        "r": {
          "a": 0,
          "ix": 10,
          "k": 0
        },
        "s": {
          "a": 0,
          "ix": 6,
          "k": [
            100,
            100,
            100
          ]
        }
      },
      "nm": "all",
      "op": 327,
      "refId": "image_0",
      "sr": 1,
      "st": 0,
      "ty": 2
    },
    {
      "ao": 0,
      "bm": 3,
      "ddd": 0,
      "ind": 2,
      "ip": 76,
      "ks": {
        "a": {
          "a": 0,
          "ix": 1,
          "k": [
            270,
            480,
            0
          ]
        },
        "o": {
          "a": 0,
          "ix": 11,
          "k": 40
        },
        "p": {
          "a": 0,
          "ix": 2,
          "k": [
            270,
            480,
            0
          ]
        },
        "r": {
          "a": 0,
          "ix": 10,
          "k": 0
        },
        "s": {
          "a": 0,
          "ix": 6,
          "k": [
            100,
            100,
            100
          ]
        }
      },
      "nm": "lvjing  all 3",
      "op": 327,
      "refId": "image_1",
      "sr": 1,
      "st": -8,
      "ty": 2
    },
    {
      "ao": 0,
      "bm": 13,
      "ddd": 0,
      "ind": 3,
      "ip": 76,
      "ks": {
        "a": {
          "a": 0,
          "ix": 1,
          "k": [
            270,
            480,
            0
          ]
        },
        "o": {
          "a": 0,
          "ix": 11,
          "k": 50.196
        },
        "p": {
          "a": 0,
          "ix": 2,
          "k": [
            270,
            480,
            0
          ]
        },
        "r": {
          "a": 0,
          "ix": 10,
          "k": 0
        },
        "s": {
          "a": 0,
          "ix": 6,
          "k": [
            100,
            100,
            100
          ]
        }
      },
      "nm": "baohedu all 3",
      "op": 327,
      "refId": "image_2",
      "sr": 1,
      "st": -8,
      "ty": 2
    }
  ]
}