{
  "images": [
    {
      "name": "img_0.jpg",
      "w": 540,
      "h": 960,
      "prefix": [
        "-i"
      ],
      "postfix": [
      ]
    },
    {
      "name": "img_1.jpg",
      "w": 540,
      "h": 960,
      "prefix": [
        "-i"
      ],
      "postfix": [
      ]
    },
    {
      "name": "img_2.jpg",
      "w": 540,
      "h": 960,
      "prefix": [
        "-i"
      ],
      "postfix": [
      ]
    },
    {
      "name": "img_3.jpg",
      "w": 540,
      "h": 960,
      "prefix": [
        "-i"
      ],
      "postfix": [
      ]
    },
    {
      "name": "img_4.jpg",
      "w": 540,
      "h": 960,
      "prefix": [
        "-i"
      ],
      "postfix": [
      ]
    }
  ],
  "static_inputs": [
    {
      "name": "background_video.mp4",
      "prefix": [
        "-i"
      ],
      "postfix": [
      ]
    }
  ],
  "video": {
    "h": 960,
    "w": 540,
    "duration": 11
  },
  "e": [],
  "m": [
    "-{pythoncomplex}"
  ],
  "r": [
    "[5]split=2[color][alpha];[color]crop=iw/2:ih:0:0[color];[alpha]crop=iw/2:ih:iw/2:0[alpha];[color][alpha]{pythonmerge}[ovrly];[0]scale=540:960,setsar=1[0_scalled];[1]scale=540:960,setsar=1[1_scalled];[2]scale=540:960,setsar=1[2_scalled];[3]scale=540:960,setsar=1[3_scalled];[4]scale=540:960,setsar=1[4_scalled];[0_scalled]{pythonz}pan=z='if(lte({pythonz},-1.0),1.2,min({pythonz}+0.0006,1.2))':d=25*11:s=540x960,boxblur=10:enable='between(t,0,0.4)'[v0];[1_scalled]{pythonz}pan=z='if(lte(on,25*3.60),1,if(lte(mod(on,15),4),{pythonz}+0.0200,{pythonz}-0.0200))':x='iw/2-(iw/{pythonz})/2':y='ih/2-(ih/{pythonz})/2':d=25*11:s=540x960[v1];[2_scalled]{pythonz}pan=z='if(lte(on,25*5.30),1,if(lte(mod(on,15),4),{pythonz}+0.0200,{pythonz}-0.0200))':x='iw/2-(iw/{pythonz})/2':y='ih/2-(ih/{pythonz})/2':d=25*11:s=540x960[v2];[3_scalled]{pythonz}pan=z='if(lte(on,25*6.60),1,if(lte(mod(on,15),4),{pythonz}+0.0200,{pythonz}-0.0200))':x='iw/2-(iw/{pythonz})/2':y='ih/2-(ih/{pythonz})/2':d=25*11:s=540x960[v3];[4_scalled]{pythonz}pan=z='if(lte(on,25*7.85),1,if(lte(mod(on,15),4),{pythonz}+0.0200,{pythonz}-0.0200))':x='iw/2-(iw/{pythonz})/2':y='ih/2-(ih/{pythonz})/2':d=25*11:s=540x960[v4];[v0][v1]{pythono}=x=0:y='if(gte(n,25*3.60),min(-960+(n-25*3.60)*140,0),-960)'[video_v1];[video_v1][v2]{pythono}=x=0:y='if(gte(n,25*5.30),min(-960+(n-25*5.30)*140,0),-960)'[video_v2];[video_v2][v3]{pythono}=x=0:y='if(gte(n,25*6.60),min(-960+(n-25*6.60)*140,0),-960)'[video_v3];[video_v3][v4]{pythono}=x=0:y='if(gte(n,25*7.85),min(-960+(n-25*7.85)*140,0),-960)'[video_v4];[video_v4][ovrly]{pythono}=0:0[base_video];[base_video][6]{pythono}=enable='between(t,0,5)':x=30:y=30[watermarked_part1];[watermarked_part1][6]{pythono}=enable='between(t,5,11)':x=(main_w-{pythono}_w-30):y=(main_h-{pythono}_h-10)"
  ],
  "i": [
    "[5]split=2[color][alpha];[color]crop=iw/2:ih:0:0[color];[alpha]crop=iw/2:ih:iw/2:0[alpha];[color][alpha]{pythonmerge}[ovrly];[0]scale=540:960,setsar=1[0_scalled];[1]scale=540:960,setsar=1[1_scalled];[2]scale=540:960,setsar=1[2_scalled];[3]scale=540:960,setsar=1[3_scalled];[4]scale=540:960,setsar=1[4_scalled];[0_scalled]{pythonz}pan=z='if(lte({pythonz},-1.0),1.2,min({pythonz}+0.0006,1.2))':d=25*11:s=540x960,boxblur=10:enable='between(t,0,0.4)'[v0];[1_scalled]{pythonz}pan=z='if(lte(on,25*3.60),1,if(lte(mod(on,15),4),{pythonz}+0.0200,{pythonz}-0.0200))':x='iw/2-(iw/{pythonz})/2':y='ih/2-(ih/{pythonz})/2':d=25*11:s=540x960[v1];[2_scalled]{pythonz}pan=z='if(lte(on,25*5.30),1,if(lte(mod(on,15),4),{pythonz}+0.0200,{pythonz}-0.0200))':x='iw/2-(iw/{pythonz})/2':y='ih/2-(ih/{pythonz})/2':d=25*11:s=540x960[v2];[3_scalled]{pythonz}pan=z='if(lte(on,25*6.60),1,if(lte(mod(on,15),4),{pythonz}+0.0200,{pythonz}-0.0200))':x='iw/2-(iw/{pythonz})/2':y='ih/2-(ih/{pythonz})/2':d=25*11:s=540x960[v3];[4_scalled]{pythonz}pan=z='if(lte(on,25*7.85),1,if(lte(mod(on,15),4),{pythonz}+0.0200,{pythonz}-0.0200))':x='iw/2-(iw/{pythonz})/2':y='ih/2-(ih/{pythonz})/2':d=25*11:s=540x960[v4];[v0][v1]{pythono}=x=0:y='if(gte(n,25*3.60),min(-960+(n-25*3.60)*140,0),-960)'[video_v1];[video_v1][v2]{pythono}=x=0:y='if(gte(n,25*5.30),min(-960+(n-25*5.30)*140,0),-960)'[video_v2];[video_v2][v3]{pythono}=x=0:y='if(gte(n,25*6.60),min(-960+(n-25*6.60)*140,0),-960)'[video_v3];[video_v3][v4]{pythono}=x=0:y='if(gte(n,25*7.85),min(-960+(n-25*7.85)*140,0),-960)'[video_v4];[video_v4][ovrly]{pythono}=0:0[base_video];[base_video][6]{pythono}=enable='between(t,0,5)':x=30:y=30[watermarked_part1];[watermarked_part1][6]{pythono}=enable='between(t,5,11)':x=(main_w-{pythono}_w-30):y=(main_h-{pythono}_h-10)[final_video]"
  ],
  "n": [],
  "g": [],
  "c": [],
  "o": [
    "-map",
    "[final_video]",
    "-map",
    "7:a"
  ],
  "d": [
    "-t",
    "11",
    "-strict",
    "-2"
  ],
  "s": [],
  "layers": [
    {
      "ao": 0,
      "bm": 1,
      "ddd": 0,
      "ind": 1,
      "ip": 0,
      "ks": {
        "a": {
          "a": 0,
          "ix": 1,
          "k": [
            270,
            480,
            0
          ]
        },
        "o": {
          "a": 0,
          "ix": 11,
          "k": 18.039
        },
        "p": {
          "a": 0,
          "ix": 2,
          "k": [
            270,
            480,
            0
          ]
        },
        "r": {
          "a": 0,
          "ix": 10,
          "k": 0
        },
        "s": {
          "a": 0,
          "ix": 6,
          "k": [
            100,
            100,
            100
          ]
        }
      },
      "nm": "all",
      "op": 327,
      "refId": "image_0",
      "sr": 1,
      "st": 0,
      "ty": 2
    },
    {
      "ao": 0,
      "bm": 3,
      "ddd": 0,
      "ind": 2,
      "ip": 76,
      "ks": {
        "a": {
          "a": 0,
          "ix": 1,
          "k": [
            270,
            480,
            0
          ]
        },
        "o": {
          "a": 0,
          "ix": 11,
          "k": 40
        },
        "p": {
          "a": 0,
          "ix": 2,
          "k": [
            270,
            480,
            0
          ]
        },
        "r": {
          "a": 0,
          "ix": 10,
          "k": 0
        },
        "s": {
          "a": 0,
          "ix": 6,
          "k": [
            100,
            100,
            100
          ]
        }
      },
      "nm": "lvjing  all 3",
      "op": 327,
      "refId": "image_1",
      "sr": 1,
      "st": -8,
      "ty": 2
    },
    {
      "ao": 0,
      "bm": 13,
      "ddd": 0,
      "ind": 3,
      "ip": 76,
      "ks": {
        "a": {
          "a": 0,
          "ix": 1,
          "k": [
            270,
            480,
            0
          ]
        },
        "o": {
          "a": 0,
          "ix": 11,
          "k": 50.196
        },
        "p": {
          "a": 0,
          "ix": 2,
          "k": [
            270,
            480,
            0
          ]
        },
        "r": {
          "a": 0,
          "ix": 10,
          "k": 0
        },
        "s": {
          "a": 0,
          "ix": 6,
          "k": [
            100,
            100,
            100
          ]
        }
      },
      "nm": "baohedu all 3",
      "op": 327,
      "refId": "image_2",
      "sr": 1,
      "st": -8,
      "ty": 2
    }
  ]
}