{
  "images": [
    {
      "name": "img_0.jpg",
      "w": 469,
      "h": 738,
      "prefix": [
        "-i"
      ],
      "postfix": [
      ]
    },
    {
      "name": "img_1.jpg",
      "w": 469,
      "h": 738,
      "prefix": [
        "-i"
      ],
      "postfix": [
      ]
    }
  ],
  "static_inputs": [
    {
      "name": "background_video.mp4",
      "prefix": [
        "-i"
      ],
      "postfix": [
      ]
    },
    {
      "name": "first.jpg",
      "prefix": [
        "-i"
      ],
      "postfix": [
      ]
    }
  ],
  "video": {
    "h": 960,
    "w": 540,
    "duration": 11
  },
  "e": [],
  "m": [
    "-{pythoncomplex}"
  ],
  "r": [
    "[2]split=2[color][alpha];[color]crop=iw/2:ih:0:0[color];[alpha]crop=iw/2:ih:iw/2:0[alpha];[color][alpha]{pythonmerge}[ovrly];[0]scale=469:738,setsar=1[0_scaled];[1]scale=469:738,setsar=1[1_scaled];[3][0_scaled]{pythono}=x=37:y=48[base_img_1];[3][1_scaled]{pythono}=x=37:y=48[base_img_2];[base_img_1]{pythonz}pan=z='if(lte({pythonz},1.0),1.2,max(1.001,{pythonz}-0.0006))':d=25*11:s=540x960,{pythonf}=out:st=6:d=0.3:alpha=1,{pythonf}=t=in:st=0:d=1[video1];[base_img_2]{pythonz}pan=z='if(lte(on,25*6),1,if(lte({pythonz},-1.0),1.2,min({pythonz}+0.0006,1.2)))':d=25*11:s=540x960[video2];[video2][video1]{pythono}[{pythono}_video1];[{pythono}_video1][ovrly]{pythono}=0:0[base_video];[base_video][4]{pythono}=enable='between(t,0,6)':x=30:y=30[watermarked_part1];[watermarked_part1][4]{pythono}=enable='between(t,6,11)':x=(main_w-{pythono}_w-30):y=(main_h-{pythono}_h-10)"
  ],
  "i": [
    "[2]split=2[color][alpha];[color]crop=iw/2:ih:0:0[color];[alpha]crop=iw/2:ih:iw/2:0[alpha];[color][alpha]{pythonmerge}[ovrly];[0]scale=469:738,setsar=1[0_scaled];[1]scale=469:738,setsar=1[1_scaled];[3][0_scaled]{pythono}=x=37:y=48[base_img_1];[3][1_scaled]{pythono}=x=37:y=48[base_img_2];[base_img_1]{pythonz}pan=z='if(lte({pythonz},1.0),1.2,max(1.001,{pythonz}-0.0006))':d=25*11:s=540x960,{pythonf}=out:st=6:d=0.3:alpha=1,{pythonf}=t=in:st=0:d=1[video1];[base_img_2]{pythonz}pan=z='if(lte(on,25*6),1,if(lte({pythonz},-1.0),1.2,min({pythonz}+0.0006,1.2)))':d=25*11:s=540x960[video2];[video2][video1]{pythono}[{pythono}_video1];[{pythono}_video1][ovrly]{pythono}=0:0[base_video];[base_video][4]{pythono}=enable='between(t,0,6)':x=30:y=30[watermarked_part1];[watermarked_part1][4]{pythono}=enable='between(t,6,11)':x=(main_w-{pythono}_w-30):y=(main_h-{pythono}_h-10)[final_video]"
  ],
  "n": [],
  "g": [],
  "c": [],
  "o": [
    "-map",
    "[final_video]",
    "-map",
    "5:a"
  ],
  "d": [
    "-t",
    "11",
    "-strict",
    "-2"
  ],
  "s": [],
  "layers": [
    {
      "ao": 0,
      "bm": 1,
      "ddd": 0,
      "ind": 1,
      "ip": 0,
      "ks": {
        "a": {
          "a": 0,
          "ix": 1,
          "k": [
            270,
            480,
            0
          ]
        },
        "o": {
          "a": 0,
          "ix": 11,
          "k": 18.039
        },
        "p": {
          "a": 0,
          "ix": 2,
          "k": [
            270,
            480,
            0
          ]
        },
        "r": {
          "a": 0,
          "ix": 10,
          "k": 0
        },
        "s": {
          "a": 0,
          "ix": 6,
          "k": [
            100,
            100,
            100
          ]
        }
      },
      "nm": "all",
      "op": 327,
      "refId": "image_0",
      "sr": 1,
      "st": 0,
      "ty": 2
    },
    {
      "ao": 0,
      "bm": 3,
      "ddd": 0,
      "ind": 2,
      "ip": 76,
      "ks": {
        "a": {
          "a": 0,
          "ix": 1,
          "k": [
            270,
            480,
            0
          ]
        },
        "o": {
          "a": 0,
          "ix": 11,
          "k": 40
        },
        "p": {
          "a": 0,
          "ix": 2,
          "k": [
            270,
            480,
            0
          ]
        },
        "r": {
          "a": 0,
          "ix": 10,
          "k": 0
        },
        "s": {
          "a": 0,
          "ix": 6,
          "k": [
            100,
            100,
            100
          ]
        }
      },
      "nm": "lvjing  all 3",
      "op": 327,
      "refId": "image_1",
      "sr": 1,
      "st": -8,
      "ty": 2
    },
    {
      "ao": 0,
      "bm": 13,
      "ddd": 0,
      "ind": 3,
      "ip": 76,
      "ks": {
        "a": {
          "a": 0,
          "ix": 1,
          "k": [
            270,
            480,
            0
          ]
        },
        "o": {
          "a": 0,
          "ix": 11,
          "k": 50.196
        },
        "p": {
          "a": 0,
          "ix": 2,
          "k": [
            270,
            480,
            0
          ]
        },
        "r": {
          "a": 0,
          "ix": 10,
          "k": 0
        },
        "s": {
          "a": 0,
          "ix": 6,
          "k": [
            100,
            100,
            100
          ]
        }
      },
      "nm": "baohedu all 3",
      "op": 327,
      "refId": "image_2",
      "sr": 1,
      "st": -8,
      "ty": 2
    }
  ]
}