{
  "images": [
    {
      "name": "img_0.jpg",
      "w": 540,
      "h": 775,
      "prefix": [
        "-i"
      ],
      "postfix": [
      ]
    },
    {
      "name": "img_1.jpg",
      "w": 540,
      "h": 775,
      "prefix": [
        "-i"
      ],
      "postfix": [
      ]
    },
    {
      "name": "img_2.jpg",
      "w": 540,
      "h": 775,
      "prefix": [
        "-i"
      ],
      "postfix": [
      ]
    }
  ],
  "static_inputs": [
    {
      "name": "background_video.mp4",
      "prefix": [
        "-i"
      ],
      "postfix": [
      ]
    },
    {
      "name": "first.jpg",
      "prefix": [
        "-loop",
        "1",
        "-t",
        "21",
        "-i"
      ],
      "postfix": [
      ]
    }
  ],
  "video": {
    "h": 960,
    "w": 540,
    "duration": 21
  },
  "e": [],
  "m": [
    "-{pythoncomplex}"
  ],
  "r": [
    "[3]split=2[color][alpha];[color]crop=iw/2:ih:0:0[color];[alpha]crop=iw/2:ih:iw/2:0[alpha];[color][alpha]{pythonmerge}[ovrly];[0]scale=540:775,setsar=1[0_scalled];[1]scale=540:775,setsar=1[1_scalled];[2]scale=540:775,setsar=1[2_scalled];[4][0_scalled]{pythono}=x=0:y=51[base_img_1];[4][1_scalled]{pythono}=x=0:y=51[base_img_2];[4][2_scalled]{pythono}=x=0:y=51[base_img_3];[base_img_1]{pythonz}pan=z='if(lte({pythonz},-1.0),1.1,min({pythonz}+0.0006,1.2))':d=25*9:s=540x960[v0];[base_img_2]{pythonz}pan=z='if(lte(on,25*7.78),1,if(lte({pythonz},1.0),1.2,max(1.001,{pythonz}-0.0008)))':d=25*21:s=540x960[v1];[base_img_3]{pythonz}pan=z='if(lte(on,25*14.28),1,if(lte({pythonz},-1.0),1.2,min({pythonz}+0.0006,1.2)))':d=25*21:s=540x960[v2];[4:v][v0]{pythono}=x='if(gte(n,0.17*25),max(540-(n-0.17*25)*25,0),540)':y=0[ola_0];[ola_0][v1]{pythono}=x='if(gte(n,7.78*25),min(-540+(n-7.78*25)*45,0),-540)':y=0[ola_1];[ola_1][v2]{pythono}=x='if(gte(n,14.28*25),max(540-(n-14.28*25)*45,0),540)':y=0[ola_2];[ola_2][ovrly]{pythono}=0:0[base_video];[base_video][5]{pythono}=enable='between(t,0,11)':x=30:y=30[watermarked_part1];[watermarked_part1][5]{pythono}=enable='between(t,11,21)':x=(main_w-{pythono}_w-30):y=(main_h-{pythono}_h-10)"
  ],
  "i": [
    "[3]split=2[color][alpha];[color]crop=iw/2:ih:0:0[color];[alpha]crop=iw/2:ih:iw/2:0[alpha];[color][alpha]{pythonmerge}[ovrly];[0]scale=540:775,setsar=1[0_scalled];[1]scale=540:775,setsar=1[1_scalled];[2]scale=540:775,setsar=1[2_scalled];[4][0_scalled]{pythono}=x=0:y=51[base_img_1];[4][1_scalled]{pythono}=x=0:y=51[base_img_2];[4][2_scalled]{pythono}=x=0:y=51[base_img_3];[base_img_1]{pythonz}pan=z='if(lte({pythonz},-1.0),1.1,min({pythonz}+0.0006,1.2))':d=25*9:s=540x960[v0];[base_img_2]{pythonz}pan=z='if(lte(on,25*7.78),1,if(lte({pythonz},1.0),1.2,max(1.001,{pythonz}-0.0008)))':d=25*21:s=540x960[v1];[base_img_3]{pythonz}pan=z='if(lte(on,25*14.28),1,if(lte({pythonz},-1.0),1.2,min({pythonz}+0.0006,1.2)))':d=25*21:s=540x960[v2];[4:v][v0]{pythono}=x='if(gte(n,0.17*25),max(540-(n-0.17*25)*25,0),540)':y=0[ola_0];[ola_0][v1]{pythono}=x='if(gte(n,7.78*25),min(-540+(n-7.78*25)*45,0),-540)':y=0[ola_1];[ola_1][v2]{pythono}=x='if(gte(n,14.28*25),max(540-(n-14.28*25)*45,0),540)':y=0[ola_2];[ola_2][ovrly]{pythono}=0:0[base_video];[base_video][5]{pythono}=enable='between(t,0,11)':x=30:y=30[watermarked_part1];[watermarked_part1][5]{pythono}=enable='between(t,11,21)':x=(main_w-{pythono}_w-30):y=(main_h-{pythono}_h-10)[final_video]"
  ],
  "n": [],
  "g": [],
  "c": [],
  "o": [
    "-map",
    "[final_video]",
    "-map",
    "6:a"
  ],
  "d": [
    "-t",
    "21",
    "-strict",
    "-2"
  ],
  "s": [],
  "layers": [
    {
      "ao": 0,
      "bm": 1,
      "ddd": 0,
      "ind": 1,
      "ip": 0,
      "ks": {
        "a": {
          "a": 0,
          "ix": 1,
          "k": [
            270,
            480,
            0
          ]
        },
        "o": {
          "a": 0,
          "ix": 11,
          "k": 18.039
        },
        "p": {
          "a": 0,
          "ix": 2,
          "k": [
            270,
            480,
            0
          ]
        },
        "r": {
          "a": 0,
          "ix": 10,
          "k": 0
        },
        "s": {
          "a": 0,
          "ix": 6,
          "k": [
            100,
            100,
            100
          ]
        }
      },
      "nm": "all",
      "op": 327,
      "refId": "image_0",
      "sr": 1,
      "st": 0,
      "ty": 2
    },
    {
      "ao": 0,
      "bm": 3,
      "ddd": 0,
      "ind": 2,
      "ip": 76,
      "ks": {
        "a": {
          "a": 0,
          "ix": 1,
          "k": [
            270,
            480,
            0
          ]
        },
        "o": {
          "a": 0,
          "ix": 11,
          "k": 40
        },
        "p": {
          "a": 0,
          "ix": 2,
          "k": [
            270,
            480,
            0
          ]
        },
        "r": {
          "a": 0,
          "ix": 10,
          "k": 0
        },
        "s": {
          "a": 0,
          "ix": 6,
          "k": [
            100,
            100,
            100
          ]
        }
      },
      "nm": "lvjing  all 3",
      "op": 327,
      "refId": "image_1",
      "sr": 1,
      "st": -8,
      "ty": 2
    },
    {
      "ao": 0,
      "bm": 13,
      "ddd": 0,
      "ind": 3,
      "ip": 76,
      "ks": {
        "a": {
          "a": 0,
          "ix": 1,
          "k": [
            270,
            480,
            0
          ]
        },
        "o": {
          "a": 0,
          "ix": 11,
          "k": 50.196
        },
        "p": {
          "a": 0,
          "ix": 2,
          "k": [
            270,
            480,
            0
          ]
        },
        "r": {
          "a": 0,
          "ix": 10,
          "k": 0
        },
        "s": {
          "a": 0,
          "ix": 6,
          "k": [
            100,
            100,
            100
          ]
        }
      },
      "nm": "baohedu all 3",
      "op": 327,
      "refId": "image_2",
      "sr": 1,
      "st": -8,
      "ty": 2
    }
  ]
}